Equipo,id_equipo
Arenal Emeve,1-2021-2022
CV Teruel,2-2021-2022
Manacor,3-2021-2022
Guaguas,4-2021-2022
Voley Palma,5-2021-2022
Intasa,6-2021-2022
Conqueridor Valencia,7-2021-2022
CV Melilla,8-2021-2022
Rio Duero Soria,9-2021-2022
Rotogal Boiro,10-2021-2022
Ibiza Voley,11-2021-2022
Unicaja Almeria,12-2021-2022
